Age,BMI,Fasting Glucose (mg/dL),HbA1c (%),Polyuria,Polydipsia,Blurred Vision,Fatigue,Unexplained Weight Loss,Class
30,24.5,90,5.1,No,No,No,No,No,Non-Diabetic
28,23.0,85,5.0,No,No,No,No,No,Non-Diabetic
35,25.1,92,5.2,No,No,No,No,No,Non-Diabetic
40,24.9,94,5.3,No,No,No,No,No,Non-Diabetic
29,22.7,88,4.9,No,No,No,No,No,Non-Diabetic
33,23.8,91,5.0,No,No,No,No,No,Non-Diabetic
31,24.3,93,5.1,No,No,No,No,No,Non-Diabetic
36,25.0,89,5.2,No,No,No,No,No,Non-Diabetic
27,23.5,86,5.0,No,No,No,No,No,Non-Diabetic
32,24.1,87,5.1,No,No,No,No,No,Non-Diabetic
